{
	"margin": [
		"medium",
		"medium",
		"medium",
		"medium"
	],
	"spacing": "large",
	"columns": 3,
	"rows": 4,
	"opacity": 30,
	"locked": true,
	"blocked": [
		"https://www.google.com/search?q=ut+email+login&ie=utf-8&oe=utf-8&client=firefox-b-1-ab",
		"https://canvas.gatech.edu/",
		"https://www.google.com/search?q=slack&ie=utf-8&oe=utf-8&client=firefox-b-1-ab",
		"https://www.google.com/search?q=putlocker&ie=utf-8&oe=utf-8&client=firefox-b-1-ab",
		"https://www.google.com/search?q=github&ie=utf-8&oe=utf-8&client=firefox-b-1-ab",
		"https://www.google.com/search?q=michael+gerson&ie=utf-8&oe=utf-8&client=firefox-b-1-ab",
		"https://www.google.com/search?q=giant+bomb&ie=utf-8&oe=utf-8&client=firefox-b-1-ab",
		"https://www.google.com/search?q=rock+paper+shotgun&ie=utf-8&oe=utf-8&client=firefox-b-1-ab",
		"https://www.google.com/search?q=ign&ie=utf-8&oe=utf-8&client=firefox-b-1-ab",
		"https://www.google.com/search?q=game+informer&ie=utf-8&oe=utf-8&client=firefox-b-1-ab",
		"https://www.google.com/search?q=mark+shields&ie=utf-8&oe=utf-8&client=firefox-b-1-ab",
		"https://www.google.com/search?q=gmail&ie=utf-8&oe=utf-8&client=firefox-b-1-ab",
		"https://www.google.com/search?q=gurobi&ie=utf-8&oe=utf-8&client=firefox-b-1-ab",
		"https://www.google.com/search?q=texmaker&ie=utf-8&oe=utf-8&client=firefox-b-1-ab",
		"https://www.google.com/search?q=pc+world&ie=utf-8&oe=utf-8&client=firefox-b-1-ab",
		"https://www.google.com/search?q=cran&ie=utf-8&oe=utf-8&client=firefox-b-1-ab",
		"https://www.google.com/search?q=canvas+software&ie=utf-8&oe=utf-8&client=firefox-b-1-ab",
		"https://www.google.com/search?q=canvas+georgia+tech&ie=utf-8&oe=utf-8&client=firefox-b-1-ab",
		"https://www.google.com/search?q=georgia+tech&ie=utf-8&oe=utf-8&client=firefox-b-1-ab",
		"https://www.google.com/search?q=asus+device+setup&ie=utf-8&oe=utf-8&client=firefox-b-1-ab",
		"https://www.google.com/search?q=pokemon+uranium+icon&ie=utf-8&oe=utf-8&client=firefox-b-1-ab",
		"https://www.google.com/search?q=movies+online&ie=utf-8&oe=utf-8&client=firefox-b-1-ab",
		"https://www.google.com/search?q=123+vidz&ie=utf-8&oe=utf-8&client=firefox-b-1-ab",
		"https://www.google.com/search?q=putlocker+reddit&ie=utf-8&oe=utf-8&client=firefox-b-1-ab",
		"https://www.google.com/search?q=recuva&ie=utf-8&oe=utf-8&client=firefox-b-1-ab",
		"http://www.ign.com/beta",
		"https://www.spotify.com/us/"
	]
}