[
	{
		"url": "http://www.gameinformer.com/",
		"title": "Home - www.GameInformer.com",
		"position": 0,
		"id": 1,
		"backgroundColor": "#ffffff"
	},
	{
		"url": "https://www.giantbomb.com/",
		"title": "Giant Bomb - Video game reviews, videos, forums and wiki.",
		"position": 1,
		"id": 2,
		"backgroundColor": "#ffffff"
	},
	{
		"url": "https://www.rockpapershotgun.com/",
		"title": "Rock, Paper, Shotgun - PC Gaming",
		"position": 4,
		"id": 3,
		"backgroundColor": "#000000"
	},
	{
		"url": "https://www.washingtonpost.com/people/michael-gerson/?utm_term=.4b21b3a8a63b",
		"title": "Michael Gerson - The Washington Post",
		"position": 6,
		"id": 5,
		"backgroundColor": "#ffffff"
	},
	{
		"url": "https://www.washingtonpost.com/people/george-f-will/?utm_term=.c9691d75b091",
		"title": "George F. Will - The Washington Post",
		"position": 10,
		"id": 6,
		"backgroundColor": "#ffffff"
	},
	{
		"url": "https://www.nytimes.com/column/david-brooks",
		"title": "David Brooks - The New York Times",
		"position": 7,
		"id": 7,
		"backgroundColor": "#ffffff"
	},
	{
		"url": "https://www.creators.com/features/mark-shields",
		"title": "Mark Shields | Creators Syndicate",
		"position": 9,
		"id": 8,
		"backgroundColor": "#ffffff"
	},
	{
		"url": "https://github.com/",
		"title": "GitHub",
		"position": 5,
		"id": 9,
		"backgroundColor": "#ffffff"
	},
	{
		"url": "https://mycloud.gatech.edu/vpn/index.html",
		"title": "Georgia Tech VLab",
		"position": 8,
		"id": 11,
		"backgroundColor": "#ffffff"
	},
	{
		"url": "https://www.google.com/search?q=free+movies&ie=utf-8&oe=utf-8&client=firefox-b-1-ab",
		"title": "Geroge F. Will - The Washington Post",
		"id": 15,
		"backgroundColor": "#ffffff"
	},
	{
		"url": "https://canvas.gatech.edu/",
		"title": "Canvas at Georgia Institute of Technology",
		"position": 11,
		"id": 16,
		"backgroundColor": "#ffffff"
	},
	{
		"url": "http:/www.ign.com",
		"position": 3,
		"id": 17,
		"backgroundColor": "#ffffff",
		"title": "IGN.com"
	},
	{
		"url": "http://www.espn.com/",
		"title": "ESPN: The Worldwide Leader in Sports",
		"position": 2,
		"id": 18,
		"backgroundColor": "#ffffff"
	}
]