[
	{
		"url": "http://www.gameinformer.com/",
		"title": "GameInformer.com",
		"position": 0,
		"id": 1,
		"backgroundColor": "#ffffff"
	},
	{
		"url": "https://www.giantbomb.com/",
		"title": "Giant Bomb.com",
		"position": 1,
		"id": 2,
		"backgroundColor": "#ffffff"
	},
	{
		"url": "http://www.espn.com/",
		"title": "ESPN: The Worldwide Leader in Sports",
		"position": 10,
		"id": 3,
		"backgroundColor": "#ffffff"
	},
	{
		"url": "https://github.com/",
		"title": "GitHub",
		"position": -1,
		"id": 4,
		"backgroundColor": "#ffffff"
	},
	{
		"url": "http://www.ign.com/",
		"title": "IGN.com",
		"position": 2,
		"id": 5,
		"backgroundColor": "#ffffff"
	},
	{
		"url": "https://www.rockpapershotgun.com/",
		"title": "Rock Paper Shotgun",
		"position": 3,
		"id": 6,
		"backgroundColor": "#ffffff"
	},
	{
		"url": "https://www.nytimes.com/?campaignId=6Y4R8",
		"title": "The New York Times",
		"position": 6,
		"id": 7,
		"backgroundColor": "#ffffff"
	},
	{
		"url": "https://www.wsj.com/",
		"title": "The Wall Street Journal",
		"position": 4,
		"id": 8,
		"backgroundColor": "#ffffff"
	},
	{
		"url": "https://www.washingtonpost.com/",
		"title": "Washington Post",
		"position": 7,
		"id": 9,
		"backgroundColor": "#ffffff"
	},
	{
		"url": "https://canvas.gatech.edu/",
		"title": "Canvas @ GT | Canvas at Georgia Institute of Technology",
		"position": 8,
		"id": 10,
		"backgroundColor": "#ffffff"
	},
	{
		"url": "https://www.spotify.com/us/",
		"title": "Spotify",
		"position": 12,
		"id": 11,
		"backgroundColor": "#ffffff"
	},
	{
		"url": "https://invest.ameritrade.com/grid/p/login",
		"title": "TD Ameritrade Login",
		"position": 11,
		"id": 12,
		"backgroundColor": "#ffffff"
	},
	{
		"url": "https://www.reuters.com/",
		"title": "Reuters",
		"position": 5,
		"id": 13,
		"backgroundColor": "#ffffff"
	},
	{
		"url": "https://github.com/austingriffith94",
		"title": "GitHub : austingriffith94",
		"position": 9,
		"id": 14,
		"backgroundColor": "#ffffff"
	}
]